Car Id,Car Location,Customer Location,Customer Drop-Off,Drop order 1,Drop location 1,Drop order 2,Drop location 2,Drop order 3,Drop location 3,Drop order 4,Drop location 4,Polyline Encode
car6,"37.43846111135333,-122.19138573130854","37.429070511839086,-122.16979819313977","37.4560780826105,-122.19403843683895",customer2,"37.45896750118098,-122.24936499339077",customer3,"37.4560780826105,-122.19403843683895",customer1,"37.46449909271969,-122.22364967706538"
car10,"37.45775391783293,-122.19550145904346","37.429070511839086,-122.16979819313977","37.4560780826105,-122.19403843683895",customer2,"37.4560780826105,-122.19403843683895",customer1,"37.42188378042699,-122.23489599272642"
car11,"37.42067201395865,-122.17507915185332","37.429070511839086,-122.16979819313977","37.4560780826105,-122.19403843683895",customer3,"37.4560780826105,-122.19403843683895",customer1,"37.41767654403989,-122.19504848267157",customer2,"37.444049572480566,-122.16262797591169"
car12,"37.44982597889085,-122.18770463405244","37.429070511839086,-122.16979819313977","37.4560780826105,-122.19403843683895",customer2,"37.4560780826105,-122.19403843683895",customer1,"37.44653280414321,-122.23713137465018"
car13,"37.427049751697005,-122.20368993556798","37.429070511839086,-122.16979819313977","37.4560780826105,-122.19403843683895",customer3,"37.42101433713784,-122.17102494249681",customer4,"37.4560780826105,-122.19403843683895",customer2,"37.43800288982195,-122.22240743131186",customer1,"37.42841395210547,-122.24690539319782"
car14,"37.42237081104465,-122.16959823350356","37.429070511839086,-122.16979819313977","37.4560780826105,-122.19403843683895",customer3,"37.420489179578375,-122.20315410500307",customer2,"37.46536827095901,-122.17752689021412",customer4,"37.4560780826105,-122.19403843683895",customer1,"37.43654133237797,-122.18986243074984"
car15,"37.454822467075964,-122.17713761957155","37.429070511839086,-122.16979819313977","37.4560780826105,-122.19403843683895",customer4,"37.4560780826105,-122.19403843683895",customer3,"37.458579003942575,-122.20456441638267",customer1,"37.42891690080429,-122.20415840107805",customer2,"37.423516781982364,-122.2271992186072"
car17,"37.4245954603047,-122.21017929574191","37.429070511839086,-122.16979819313977","37.4560780826105,-122.19403843683895",customer3,"37.417243032859645,-122.16662005361661",customer4,"37.4560780826105,-122.19403843683895",customer2,"37.44436795625147,-122.21301612708343",customer1,"37.45716189388877,-122.234249588219"
